City_ID,City,Lat,Lng,Max Temp,Humidity,Cloudiness,Wind Speed,Country,Date
0,blackmans bay,-43.0167,147.3167,285.22,77,68,5.2,AU,1699076467
1,karratha,-20.7377,116.8463,309.36,29,53,6.95,AU,1699076323
2,nadym,65.5333,72.5167,266.38,91,100,9.17,RU,1699076468
3,vadso,70.0744,29.7487,267.24,86,13,4.12,NO,1699076469
4,yugorsk,61.3133,63.3319,268.65,76,94,6.88,RU,1699076323
5,invercargill,-46.4,168.35,282.6,92,100,3.13,NZ,1699076324
6,waitangi,-43.9535,-176.5597,288.05,90,3,1.79,NZ,1699076324
7,weno,7.4515,151.8468,301.75,72,47,2.78,FM,1699076470
8,forbes,-33.3833,148.0167,296.44,43,70,2.88,AU,1699076324
9,ngaoundere,7.3167,13.5833,292.32,91,96,1.46,CM,1699076110
10,udachny,66.4167,112.4,253.95,76,30,1.94,RU,1699076470
11,isafjordur,66.0755,-23.124,276.66,92,100,11.53,IS,1699076470
12,chardara,41.2547,67.9692,290.03,28,28,0.5,KZ,1699076325
13,iqaluit,63.7506,-68.5145,270.0,59,75,8.75,CA,1699076471
14,kingston,17.997,-76.7936,301.68,79,51,5.66,JM,1699076209
15,lihue,21.9789,-159.3672,300.73,81,40,4.12,US,1699076471
16,jamestown,42.097,-79.2353,285.92,35,100,4.12,US,1699076472
17,stanley,54.868,-1.6985,277.75,96,100,2.57,GB,1699076472
18,tonosho,34.4833,134.1833,298.05,67,99,1.5,JP,1699076326
19,turaif,31.6725,38.6637,288.29,58,0,3.09,SA,1699076326
20,vilyuysk,63.7553,121.6247,255.0,93,90,1.84,RU,1699075881
21,dudinka,69.4058,86.1778,265.72,92,100,12.52,RU,1699076473
22,kerikeri,-35.2268,173.9474,293.1,79,40,2.41,NZ,1699076473
23,nar'yan-mar,67.6713,53.087,268.77,95,57,4.92,RU,1699076473
24,puerto natales,-51.7236,-72.4875,276.44,96,100,0.58,CL,1699076474
25,bloomingdale,27.8936,-82.2404,292.53,92,75,5.36,US,1699076327
26,georgetown,5.4112,100.3354,306.11,70,20,3.6,MY,1699076474
27,puerto ayora,-0.7393,-90.3518,297.9,90,39,0.89,EC,1699076474
28,hermanus,-34.4187,19.2345,289.55,82,54,4.97,ZA,1699076475
29,yellowknife,62.456,-114.3525,266.16,99,100,4.12,CA,1699076188
30,baihe,22.15,107.2333,303.67,53,64,3.3,CN,1699076328
31,ilulissat,69.2167,-51.1,270.16,46,80,6.17,GL,1699076475
32,mount pearl,47.5166,-52.7813,277.22,88,100,4.12,CA,1699076476
33,margaret river,-33.95,115.0667,297.92,53,60,5.16,AU,1699076407
34,kismayo,-0.3582,42.5454,299.67,77,99,2.97,SO,1699076329
35,griffith,41.5284,-87.4237,284.42,59,100,2.57,US,1699076329
36,nsanje,-16.92,35.262,296.69,72,100,1.83,MW,1699076329
37,adamstown,-25.066,-130.1015,295.79,77,88,4.74,PN,1699076330
38,yanam,16.7333,82.2167,303.93,60,85,3.03,IN,1699076330
39,saint-pierre,-21.3393,55.4781,297.91,94,75,1.54,RE,1699076477
40,san carlos,9.6612,-68.5827,296.12,91,80,0.24,VE,1699076330
41,port-aux-francais,-49.35,70.2167,276.23,87,87,16.1,TF,1699076330
42,mahur,25.1667,93.1167,299.92,45,9,0.39,IN,1699076330
43,viedma,-40.8135,-62.9967,281.69,50,5,3.55,AR,1699076478
44,plastun,44.7561,136.2939,277.43,17,1,3.49,RU,1699076331
45,chernyshevskiy,63.0128,112.4714,256.07,87,26,1.82,RU,1699076479
46,kuhmo,64.1333,29.5167,271.51,96,100,5.38,FI,1699076331
47,grytviken,-54.2811,-36.5092,271.96,78,37,5.35,GS,1699076032
48,kalat,29.0225,66.5916,289.59,30,89,1.31,PK,1699076332
49,qaqortoq,60.7167,-46.0333,271.94,96,97,0.47,GL,1699076480
50,ancud,-41.8697,-73.8203,281.62,91,99,2.44,CL,1699076480
51,tolanaro,-25.0319,46.9987,295.19,64,75,4.63,MG,1699076480
52,lycksele,64.5954,18.6735,271.08,86,100,2.06,SE,1699076333
53,port elizabeth,-33.918,25.5701,292.21,80,75,7.72,ZA,1699076481
54,port mathurin,-19.6833,63.4167,298.14,73,32,5.17,MU,1699076481
55,longyearbyen,78.2186,15.6401,265.06,86,75,2.57,SJ,1699076482
56,makaha,21.4694,-158.2175,299.1,73,0,2.57,US,1699076333
57,ouesso,1.6136,16.0517,295.14,97,98,1.06,CG,1699076296
58,china,25.7,-99.2333,292.96,73,58,5.42,MX,1699076334
59,afaahiti,-17.75,-149.2833,296.08,84,78,6.57,PF,1699076483
60,anadyr,64.75,177.4833,266.43,92,40,5.0,RU,1699076483
61,talnakh,69.4865,88.3972,265.49,90,100,11.59,RU,1699076334
62,usogorsk,63.4106,48.6872,270.19,95,100,2.52,RU,1699076484
63,bredasdorp,-34.5322,20.0403,290.85,71,6,6.84,ZA,1699076484
64,fale old settlement,-9.3852,-171.2468,301.06,77,99,5.55,TK,1699076484
65,porto novo,6.4965,2.6036,298.59,89,100,1.59,BJ,1699076335
66,leua,48.2156,18.6071,281.76,91,98,1.09,SK,1699076335
67,zapata,26.9073,-99.2714,293.21,73,0,2.06,US,1699076087
68,papatowai,-46.5619,169.4708,281.49,90,100,3.91,NZ,1699076485
69,ribeira grande,38.5167,-28.7,289.69,61,99,1.34,PT,1699076486
70,vorgashor,67.5833,63.95,265.75,89,100,6.75,RU,1699076487
71,seeb,23.6703,58.1891,305.2,29,0,4.63,OM,1699076336
72,codrington,-38.2667,141.9667,286.71,63,16,7.92,AU,1699076336
73,mejit,10.2753,170.8646,301.25,79,48,8.43,MH,1699076337
74,shirhatti,15.2333,75.5833,301.74,52,100,5.69,IN,1699076337
75,albany,42.6001,-73.9662,283.0,57,98,1.9,US,1699076201
76,west island,-12.1568,96.8225,302.14,70,40,5.14,CC,1699076488
77,tiksi,71.6872,128.8694,256.27,95,100,4.39,RU,1699076338
78,forster,-32.1667,152.5167,293.36,80,48,6.58,AU,1699076489
79,kodiak,57.79,-152.4072,280.88,93,100,3.6,US,1699076338
80,olavarria,-36.8927,-60.3225,279.2,65,0,1.47,AR,1699076338
81,gizo,-8.103,156.8419,301.45,76,99,3.25,SB,1699076490
82,sidlaghatta,13.3881,77.8628,298.2,69,97,3.59,IN,1699076339
83,nova sintra,14.8667,-24.7167,296.52,78,13,8.84,CV,1699076490
84,vila velha,-20.3297,-40.2925,299.12,78,40,5.14,BR,1699075892
85,edinburgh of the seven seas,-37.0676,-12.3116,284.99,75,98,18.29,SH,1699076339
86,atbasar,51.8,68.3333,282.23,78,100,5.85,KZ,1699076339
87,diawara,15.022,-12.5437,299.51,19,0,2.46,SN,1699076340
88,khandyga,62.6667,135.6,251.56,95,100,1.1,RU,1699076491
89,san luis de la loma,17.2706,-100.8939,298.81,83,15,2.11,MX,1699076492
90,palmer,42.1584,-72.3287,281.49,76,20,3.6,US,1699075701
91,nuku'alofa,-21.1333,-175.2,299.34,89,40,5.66,TO,1699076492
92,susuman,62.7833,148.1667,259.81,93,100,1.79,RU,1699076340
93,montenegro,42.5,19.3,284.85,94,40,2.57,ME,1699076341
94,crane,31.3974,-102.3501,288.06,65,0,5.96,US,1699076493
95,bilibino,68.0546,166.4372,255.58,99,99,1.59,RU,1699076341
96,amga,60.8953,131.9608,254.45,89,100,3.53,RU,1699075909
97,kendari,-3.945,122.4989,304.49,55,68,3.71,ID,1699076342
98,arno,60.1167,18.6333,280.81,96,100,6.63,SE,1699075897
99,irymple,-34.25,142.1667,298.2,26,2,6.5,AU,1699076342
100,tres arroyos,-38.3739,-60.2798,277.98,84,0,2.25,AR,1699076342
101,hawaiian paradise park,19.5933,-154.9731,298.88,82,75,2.06,US,1699076495
102,arvayheer,46.2639,102.775,262.94,65,72,12.61,MN,1699076343
103,thompson,55.7435,-97.8558,265.24,73,100,4.12,CA,1699076343
104,olovyannaya,50.95,115.5667,268.33,52,93,3.34,RU,1699076343
105,lazaro cardenas,17.9583,-102.2,298.57,88,28,2.07,MX,1699076343
106,whitehorse,60.7161,-135.0538,274.83,94,75,5.66,CA,1699076254
107,bull savanna,17.8868,-77.5902,297.66,88,47,4.86,JM,1699076344
108,avarua,-21.2078,-159.775,295.18,64,75,5.66,CK,1699076344
109,meadow lake,34.8014,-106.5436,285.71,35,2,0.42,US,1699076381
110,new norfolk,-42.7826,147.0587,285.87,42,82,1.51,AU,1699075907
111,ushuaia,-54.8,-68.3,274.96,75,0,3.58,AR,1699076344
112,olonkinbyen,70.9221,-8.7187,274.13,82,100,5.9,SJ,1699076345
113,xianyang,34.3378,108.7026,287.73,72,40,1.0,CN,1699076154
114,nakonde,-9.3421,32.745,294.38,65,83,2.63,ZM,1699076345
115,ulaangom,49.9811,92.0667,270.53,33,0,1.61,MN,1699076346
116,kone,-21.0595,164.8658,297.27,68,95,3.21,NC,1699076499
117,nhamunda,-2.1861,-56.7131,299.56,58,56,1.53,BR,1699076346
118,emerald,-23.5333,148.1667,301.71,51,59,4.61,AU,1699076346
119,bethel,41.3712,-73.414,283.46,73,0,2.06,US,1699076346
120,faridpur,23.6,89.8333,303.53,45,2,2.23,BD,1699076347
121,hithadhoo,-0.6,73.0833,300.57,81,100,7.25,MV,1699076500
122,mermoz boabab,14.7065,-17.4758,299.03,94,40,0.0,SN,1699076348
123,fort mcmurray,56.7268,-111.381,270.92,80,100,2.57,CA,1699076214
124,kushiro,42.975,144.3747,284.68,71,75,4.12,JP,1699076348
125,kirakira,-10.4544,161.9205,300.04,86,100,3.61,SB,1699076501
126,fort bragg,35.139,-79.006,281.38,74,0,1.54,US,1699076349
127,yunfu,22.9306,112.0373,303.29,55,65,1.82,CN,1699076349
128,xinyuan,37.3,99.0,273.26,34,6,12.54,CN,1699076349
129,cabo san lucas,22.8909,-109.9124,299.68,74,90,0.45,MX,1699075909
130,ust-nera,64.5667,143.2,257.39,98,99,2.85,RU,1699076502
131,mweka,-4.85,21.5667,296.61,79,94,0.96,CD,1699076350
132,patterson,37.4716,-121.1297,292.62,48,79,1.02,US,1699076350
133,brigantine,39.4101,-74.3646,283.72,90,6,0.89,US,1699076350
134,st. john's,47.5649,-52.7093,277.68,88,100,4.12,CA,1699076372
135,utrik,11.2278,169.8474,301.25,79,92,9.03,MH,1699076503
136,san patricio,28.017,-97.5169,296.94,68,15,3.16,US,1699076503
137,hengyang,26.8881,112.615,295.98,53,70,1.79,CN,1699076351
138,syas'stroy,60.1367,32.5691,275.7,79,77,6.99,RU,1699076351
139,jiquilisco,13.3167,-88.5833,297.21,83,100,3.73,SV,1699076352
140,uturoa,-16.7333,-151.4333,299.05,81,32,8.84,PF,1699076503
141,tyul'gan,52.3405,56.166,277.48,71,2,5.24,RU,1699076352
142,ayabaca,-4.6398,-79.7149,281.14,80,66,1.2,PE,1699076352
143,thinadhoo,0.5333,72.9333,300.8,81,86,7.26,MV,1699076353
144,chonchi,-42.6128,-73.8092,282.1,95,100,1.28,CL,1699076504
145,bardai,11.65,7.2333,294.68,35,98,3.76,NG,1699076353
146,altinopolis,-21.0256,-47.3739,292.79,95,75,1.29,BR,1699076353
147,atafu village,-8.5421,-172.5159,301.64,76,99,6.09,TK,1699076505
148,flying fish cove,-10.4217,105.6791,301.97,78,100,6.69,CX,1699076505
149,tan-tan,28.438,-11.1032,293.29,74,61,7.01,MA,1699076354
150,kununurra,-15.7667,128.7333,314.14,18,26,2.57,AU,1699076355
151,waddan,29.1614,16.139,295.08,26,9,3.58,LY,1699076355
152,alofi,-19.0595,-169.9187,298.09,78,41,6.69,NU,1699076355
153,sos'va,59.1766,61.8558,270.4,71,6,6.26,RU,1699076356
154,coos bay,43.3665,-124.2179,291.11,100,100,4.12,US,1699076356
155,hunstanton,52.95,0.5,279.14,91,90,0.89,GB,1699076356
156,i-n-salah,27.1935,2.4607,297.09,16,0,2.13,DZ,1699076357
157,necochea,-38.5473,-58.7368,279.68,87,0,2.92,AR,1699076357
158,juneau,58.3019,-134.4197,280.15,95,100,0.0,US,1699076258
159,kenai,60.5544,-151.2583,277.12,93,100,3.09,US,1699076358
160,keflavik,64.0049,-22.5624,277.39,81,0,6.17,IS,1699076358
161,dhuusamarreeb,5.535,46.3861,301.36,66,95,3.69,SO,1699076358
162,antofagasta,-23.65,-70.4,289.75,85,43,1.73,CL,1699076049
163,gisborne,-38.6533,178.0042,292.75,55,10,5.31,NZ,1699076359
164,rio grande,-32.035,-52.0986,285.9,78,99,13.4,BR,1699076508
165,el matama,16.7095,33.3565,304.11,44,48,4.74,SD,1699076508
166,shwebo,22.5667,95.7,303.54,58,1,1.75,MM,1699076189
167,lompoc,34.6391,-120.4579,287.23,75,0,1.54,US,1699076508
168,canton,23.1167,113.25,305.12,43,66,2.75,CN,1699076302
169,balsas,-7.5325,-46.0356,298.21,72,35,0.84,BR,1699076360
170,aykhal,66.0,111.5,252.42,98,8,2.5,RU,1699076360
171,chui,-33.6971,-53.4616,285.45,75,99,9.87,UY,1699076509
172,east london,-33.0153,27.9116,291.67,88,100,6.53,ZA,1699076509
173,kindu,-2.95,25.95,294.92,96,98,0.54,CD,1699076361
174,mount isa,-20.7333,139.5,312.02,10,2,3.09,AU,1699076510
175,mandalgovi,45.7625,106.2708,275.81,20,84,10.38,MN,1699076362
176,huntingdon,52.3305,-0.1865,279.22,90,97,2.24,GB,1699076362
177,vytegra,61.0064,36.4481,271.13,88,100,1.79,RU,1699076362
178,chumphon,10.3333,98.8333,302.29,71,87,1.32,TH,1699076362
179,redencao,-4.2258,-38.7306,296.85,95,31,0.89,BR,1699076363
180,hirara,24.8,125.2833,302.3,61,40,6.69,JP,1699076363
181,nkhotakota,-12.9274,34.2961,298.49,57,77,6.61,MW,1699076363
182,alo,7.4178,6.7371,297.2,95,99,1.42,NG,1699076511
183,la'ie,21.6477,-157.9253,299.13,75,7,3.13,US,1699076511
184,vilyuchinsk,52.9306,158.4028,278.11,89,100,3.1,RU,1699076511
185,baxter,46.3433,-94.2867,269.31,90,0,1.54,US,1699076364
186,quellon,-43.1167,-73.6167,282.17,88,100,4.11,CL,1699076364
187,labytnangi,66.6572,66.4183,268.6,85,100,5.84,RU,1699076214
188,mount gambier,-37.8333,140.7667,287.51,52,5,6.43,AU,1699076512
189,tra mhor,52.1624,-7.1524,282.09,73,100,4.02,IE,1699076365
190,kiunga,-6.1219,141.2906,300.95,90,88,1.75,PG,1699076365
191,illizi,26.4833,8.4667,289.04,17,0,1.6,DZ,1699076365
192,oyama,36.3,139.8,297.07,34,96,1.92,JP,1699076365
193,mananjary,-21.2167,48.3333,294.88,87,99,3.53,MG,1699076365
194,ariquemes,-9.9133,-63.0408,295.14,94,71,0.77,BR,1699076513
195,kharela,25.55,79.8167,304.02,26,43,2.46,IN,1699076366
196,monze,-16.2833,27.4833,296.51,42,8,4.21,ZM,1699076366
197,coquimbo,-29.9533,-71.3436,287.0,94,40,3.09,CL,1699076304
198,thunder bay,48.4001,-89.3168,267.1,79,0,2.06,CA,1699076171
199,hamilton,39.1834,-84.5333,285.5,45,75,3.09,US,1699076067
200,itabira,-19.6192,-43.2269,293.29,95,97,0.6,BR,1699076367
201,petropavlovsk-kamchatsky,53.0452,158.6483,277.29,64,75,6.26,RU,1699076367
202,cam ranh,11.9214,109.1591,303.13,70,40,1.54,VN,1699076368
203,talara,-4.5772,-81.2719,292.57,83,21,6.01,PE,1699076515
204,port-vila,-17.7338,168.3219,296.93,94,100,5.14,VU,1699076368
205,cambria,35.5641,-121.0808,292.58,56,44,0.45,US,1699076368
206,polyarnyy,69.1989,33.4478,264.12,93,39,3.04,RU,1699076516
207,bairnsdale,-37.8333,147.6167,289.85,73,75,2.68,AU,1699076369
208,kisangani,0.5167,25.2,294.97,95,100,0.87,CD,1699076369
209,konkwesso,10.8469,4.0984,296.7,39,83,2.23,NG,1699076369
210,sisimiut,66.9395,-53.6735,268.45,79,100,5.7,GL,1699076517
211,richfield,44.8833,-93.283,275.49,81,0,2.57,US,1699076071
212,college,64.8569,-147.8028,268.12,62,75,5.66,US,1699076517
213,aitape,-3.1374,142.3475,301.02,80,100,1.24,PG,1699076517
214,chakulia,22.4833,86.7167,302.79,54,54,1.49,IN,1699076370
215,bikin,46.8161,134.26,270.22,24,1,0.95,RU,1699076370
216,nagasaki,32.7447,129.8736,299.05,50,75,3.09,JP,1699076103
217,llandudno,53.325,-3.8315,282.18,48,90,3.58,GB,1699076371
218,kijang,35.2442,129.2139,294.0,69,92,6.23,KR,1699076371
219,changji,44.0167,87.3167,277.59,26,0,1.0,CN,1699076371
220,gamay,12.3854,125.2979,301.7,83,66,2.8,PH,1699076518
221,baillif,16.0202,-61.7463,297.95,78,36,5.09,GP,1699076372
222,sao jose da coroa grande,-8.8978,-35.1478,297.88,85,13,2.19,BR,1699076519
223,tazovsky,67.4667,78.7,267.59,95,100,5.34,RU,1699076372
224,buta,2.7858,24.73,294.54,100,100,0.21,CD,1699076372
225,rodolfo sanchez taboada,31.7167,-116.5667,291.36,42,0,1.17,MX,1699076372
226,nallihan,40.1859,31.3518,289.98,61,100,1.59,TR,1699076373
227,aldinga beach,-35.2793,138.4604,297.46,51,1,7.86,AU,1699076373
228,waingapu,-9.6567,120.2641,305.33,46,14,6.65,ID,1699076520
229,rongelap,11.1635,166.8941,300.84,80,85,7.36,MH,1699076520
230,otjiwarongo,-20.4637,16.6477,297.17,23,58,6.43,NA,1699076373
231,gereida,11.2811,25.1414,302.24,35,90,0.46,SD,1699076374
232,inhambane,-23.865,35.3833,297.13,54,73,4.22,MZ,1699076374
233,molina,-35.1167,-71.2833,287.0,62,13,1.03,CL,1699076374
234,dakoro,14.5106,6.765,298.1,19,5,4.01,NE,1699076374
235,kaseda-shirakame,31.4167,130.3167,296.66,60,100,2.23,JP,1699076375
236,carnarvon,-24.8667,113.6333,297.94,66,9,5.59,AU,1699076521
237,sabang,5.8933,95.3214,300.7,79,98,5.61,ID,1699076375
238,constantia,44.1833,28.65,286.53,84,76,6.54,RO,1699076522
239,tuy hoa,13.0833,109.3,301.79,76,55,3.6,VN,1699076375
240,carrizo springs,28.5219,-99.8606,291.49,72,0,2.57,US,1699076376
241,zhezqazghan,47.7833,67.7667,276.47,100,100,4.0,KZ,1699076376
242,thivai,38.325,23.3189,296.51,75,100,5.12,GR,1699076376
243,jieshi,22.8134,115.8257,299.25,70,7,4.33,CN,1699076376
244,carutapera,-1.195,-46.02,298.5,90,30,3.02,BR,1699076376
245,hasaki,35.7333,140.8333,298.37,65,59,7.57,JP,1699076524
246,yeniseysk,58.4497,92.1703,263.68,94,100,1.79,RU,1699076377
247,chillicothe,39.3331,-82.9824,283.84,51,0,2.57,US,1699076377
248,ciudad constitucion,25.0369,-111.6644,297.1,54,0,3.4,MX,1699076377
249,omdurman,15.6445,32.4777,304.04,38,98,4.03,SD,1699076377
250,mezhdurechenskiy,59.6,65.9333,270.45,69,87,7.12,RU,1699076378
251,forde,61.4522,5.8572,285.56,53,40,5.14,NO,1699076378
252,nadi,-17.8,177.4167,302.15,74,40,6.17,FJ,1699076378
253,selibaby,15.159,-12.1829,300.19,15,0,2.75,MR,1699076379
254,sandpoint,48.2766,-116.5533,278.38,92,100,0.0,US,1699076379
255,yaren,-0.5472,166.916,302.38,70,65,3.11,NR,1699076526
256,anaconda,46.1285,-112.9423,272.7,91,92,2.57,US,1699076379
257,aginskoye,51.1,114.53,268.84,30,13,4.43,RU,1699076139
258,mstera,56.3789,41.92,276.25,89,13,3.16,RU,1699076379
259,lodwar,3.1191,35.5973,296.63,79,99,4.91,KE,1699076215
260,belle fourche,44.6714,-103.8522,282.09,65,6,2.6,US,1699076380
261,gebeit,21.0667,36.3167,298.09,68,0,4.45,SD,1699076380
262,lake wylie,35.1085,-81.0428,278.7,77,0,0.0,US,1699076380
263,idaho falls,43.4666,-112.0341,279.26,86,0,4.63,US,1699076374
264,teluk nibung,3.001,99.8164,304.04,62,86,1.77,ID,1699076381
265,segou,13.4317,-6.2157,297.36,17,2,2.43,ML,1699076381
266,argayash,55.4888,60.8767,274.64,76,24,6.74,RU,1699076381
267,mersing,2.4312,103.8405,305.1,70,40,2.57,MY,1699076381
268,kavaratti,10.5669,72.642,301.9,68,95,1.93,IN,1699076529
269,sinabang,2.4803,96.3801,301.04,76,92,2.37,ID,1699076529
270,bubaque,11.2833,-15.8333,301.03,80,3,4.99,GW,1699076529
271,port douglas,-16.4833,145.4667,299.27,69,64,4.16,AU,1699076529
272,owando,-0.4819,15.8999,295.95,95,90,1.39,CG,1699076382
273,kristiansund,63.1115,7.732,282.51,53,20,5.66,NO,1699076530
274,taltal,-25.4,-70.4833,287.73,84,31,1.51,CL,1699076382
275,grums,59.3466,13.1091,276.43,100,100,3.09,SE,1699076383
276,ishikawa,26.4233,127.8214,302.33,57,20,5.14,JP,1699076383
277,prince albert,53.2001,-105.7677,272.12,86,100,0.0,CA,1699076383
278,bihar sharif,25.1833,85.5167,303.03,42,1,2.3,IN,1699076383
279,minas de marcona,-15.2119,-75.1103,286.31,85,19,3.6,PE,1699076384
280,darnah,32.767,22.6367,297.92,35,0,10.57,LY,1699076384
281,gantang,26.92,119.6333,300.59,61,73,1.14,CN,1699076384
282,barcelos,41.5388,-8.6151,292.23,96,100,10.05,PT,1699076532
283,vanimo,-2.6741,141.3028,301.14,83,100,1.45,PG,1699076384
284,palikir - national government center,6.9248,158.1611,302.56,74,100,2.06,FM,1699076385
285,paso de los toros,-32.8167,-56.5167,281.43,96,47,5.37,UY,1699076385
286,kaspiysk,42.8816,47.6392,290.38,77,100,6.0,RU,1699076385
287,korla,41.7597,86.1469,286.23,28,6,8.06,CN,1699076385
288,labasa,-16.4167,179.3833,299.92,81,56,4.23,FJ,1699076385
289,ortaca,36.8294,28.7708,289.04,100,20,3.09,TR,1699076386
290,masterton,-40.9597,175.6575,288.85,71,30,3.15,NZ,1699076386
291,mpanda,-6.3655,31.0409,295.68,76,72,1.56,TZ,1699076386
292,nabire,-3.3667,135.4833,300.24,81,100,1.45,ID,1699076387
293,rikaze,29.25,88.8833,280.53,19,53,3.1,CN,1699076387
294,noumea,-22.2763,166.4572,299.82,99,37,8.0,NC,1699076100
295,kungur,57.4368,56.9593,270.54,77,68,2.68,RU,1699076387
296,contramaestre,20.2978,-76.2414,295.73,92,15,1.21,CU,1699076387
297,manismata,-2.4667,111.0333,302.54,79,83,1.94,ID,1699076535
298,enewetak,11.3474,162.3373,301.42,75,92,6.71,MH,1699076388
299,trairi,-3.2778,-39.2689,298.67,84,36,3.18,BR,1699076386
300,protaras,35.0125,34.0583,294.81,89,8,3.24,CY,1699076388
301,port alfred,-33.5906,26.891,291.58,85,40,2.68,ZA,1699076388
302,nagua,19.3832,-69.8474,297.48,90,73,3.48,DO,1699076389
303,tateyama,34.9833,139.8667,295.99,67,21,6.76,JP,1699076389
304,babahoyo,-1.8167,-79.5167,296.35,84,93,1.8,EC,1699076389
305,saipan,15.1355,145.701,303.54,70,40,6.17,MP,1699076389
306,burao,9.5221,45.5336,297.45,64,30,4.0,SO,1699076389
307,bocaiuva,-17.1078,-43.815,295.02,86,72,1.0,BR,1699076390
308,shira,54.4911,89.9531,265.59,80,86,2.31,RU,1699076390
309,batouri,4.4333,14.3667,294.04,97,94,1.16,CM,1699076390
310,nema,57.5067,50.5011,271.34,74,62,1.42,RU,1699076390
311,kon tum,14.35,108.0,304.81,48,28,0.76,VN,1699076390
312,vallenar,-28.5708,-70.7581,289.33,41,0,1.52,CL,1699076391
313,anloga,5.7947,0.8973,300.03,85,100,6.14,GH,1699076391
314,ola,59.5833,151.2833,274.34,86,100,9.42,RU,1699076391
315,haiku-pauwela,20.9219,-156.3051,296.58,88,75,8.23,US,1699076391
316,tual,-5.6667,132.75,301.04,76,97,4.4,ID,1699076539
317,colonia,50.9333,6.95,282.92,82,20,5.14,DE,1699076539
318,antsiranana,-12.2787,49.2917,301.57,69,40,3.09,MG,1699076392
319,diego de almagro,-26.3667,-70.05,288.29,37,0,0.39,CL,1699076392
320,bamboo flat,11.7,92.7167,303.2,79,40,3.09,IN,1699076392
321,alesund,62.4723,6.1549,285.66,46,0,5.14,NO,1699076540
322,praia da vitoria,38.7333,-27.0667,289.68,67,75,11.47,PT,1699076393
323,upata,8.0086,-62.3989,295.06,98,47,1.33,VE,1699076393
324,tangalle,6.024,80.7911,303.24,71,89,2.21,LK,1699076393
325,la passe,45.5549,-0.8967,286.47,88,100,13.47,FR,1699076541
326,arraial do cabo,-22.9661,-42.0278,297.15,91,86,2.67,BR,1699076333
327,roscommon,53.6333,-8.1833,279.33,97,100,3.93,IE,1699076394
328,luderitz,-26.6481,15.1594,290.98,63,6,4.53,NA,1699076542
329,kudahuvadhoo,2.6708,72.8944,300.73,80,100,5.42,MV,1699076542
330,at taj,24.2049,23.2857,293.39,32,0,2.66,LY,1699076542
331,north battleford,52.7834,-108.2847,273.2,86,100,2.57,CA,1699076395
332,dingwall,57.5953,-4.4272,279.2,98,56,0.56,GB,1699076395
333,yelizovo,53.1873,158.3805,278.04,100,75,3.13,RU,1699076395
334,grantsville,40.5999,-112.4644,285.12,65,0,3.6,US,1699076395
335,nova vicosa,-17.8919,-39.3719,297.8,88,99,5.27,BR,1699076396
336,pisco,-13.7,-76.2167,289.27,88,61,1.03,PE,1699076543
337,rawatbhata,24.9333,75.5833,303.7,25,45,3.04,IN,1699076396
338,princeville,45.7668,-61.2985,281.99,94,20,2.06,CA,1699076396
339,evanston,42.0411,-87.6901,284.25,77,100,1.54,US,1699076397
340,sault ste. marie,46.5168,-84.3333,274.46,92,75,1.54,CA,1699076397
341,neiafu,-18.65,-173.9833,298.53,88,75,5.14,TO,1699076397
342,punta arenas,-53.15,-70.9167,280.21,70,75,3.6,CL,1699076397
343,la foa,-21.7108,165.8276,296.13,71,97,4.89,NC,1699076397
344,ak-dovurak,51.1833,90.6,263.21,55,0,0.45,RU,1699076398
345,bistrita,47.1332,24.5001,284.4,84,100,1.69,RO,1699076398
346,santa cruz del sur,20.7147,-77.9956,298.14,84,97,5.81,CU,1699076398
347,baker city,44.7749,-117.8344,282.95,87,0,5.14,US,1699076527
348,paracuru,-3.41,-39.0306,300.43,85,50,3.53,BR,1699076399
349,naze,28.3667,129.4833,299.66,70,83,4.92,JP,1699076399
350,wanning,18.8003,110.3967,301.49,74,54,4.11,CN,1699076399
351,bomdila,27.25,92.4,288.39,55,12,3.13,IN,1699076399
352,yebaishou,41.3975,119.6408,287.82,36,25,3.44,CN,1699076399
353,iskateley,67.6803,53.1512,268.72,95,53,4.92,RU,1699076400
354,al bardiyah,31.7561,25.0865,297.31,36,0,5.46,LY,1699076400
355,kayyerkan,69.3786,87.7439,265.54,85,100,12.46,RU,1699076375
356,erenhot,43.6475,111.9767,284.94,23,100,5.41,CN,1699076400
357,klyuchi,52.2667,79.1667,274.71,61,100,6.7,RU,1699076548
358,tam ky,15.5667,108.4833,301.6,76,22,2.92,VN,1699076401
359,trincomalee,8.5711,81.2335,300.88,74,100,2.1,LK,1699076549
360,dalandzadgad,43.5708,104.425,276.76,16,43,12.88,MN,1699076401
361,el nido,11.1858,119.3956,302.88,71,100,2.7,PH,1699076401
362,iquitos,-3.7481,-73.2472,298.17,94,0,1.03,PE,1699076402
363,mogocha,53.7333,119.7667,264.16,27,0,1.09,RU,1699076403
364,tshabong,-26.05,22.45,293.83,66,65,7.71,BW,1699076403
365,priargunsk,50.3691,119.1012,266.02,63,100,0.31,RU,1699076404
366,kutna hora,49.9484,15.2682,280.17,85,0,4.63,CZ,1699076404
367,grand falls-windsor,48.9332,-55.6649,273.43,92,77,0.45,CA,1699076300
368,whitecourt,54.1502,-115.6855,273.27,93,56,1.17,CA,1699076182
369,port hueneme,34.1478,-119.1951,292.33,71,0,2.57,US,1699076405
370,badger,64.8,-147.5333,268.08,63,100,5.66,US,1699076406
371,lorengau,-2.0226,147.2712,301.49,78,46,1.73,PG,1699076406
372,kosh-agach,50.0,88.6667,256.1,69,6,0.89,RU,1699076406
373,ichhawar,23.0167,77.0167,302.03,26,1,2.61,IN,1699076407
374,vitoria da conquista,-14.8661,-40.8394,292.21,93,66,1.37,BR,1699076407
375,gowurdak,37.8124,66.0466,294.9,19,11,1.06,TM,1699076407
376,west bay,19.3667,-81.4167,302.04,86,100,0.89,KY,1699076407
377,aioun,16.6614,-9.6149,299.38,13,0,3.92,MR,1699076408
378,auki,-8.7676,160.7034,301.03,79,100,1.54,SB,1699076408
379,cill airne,52.05,-9.5167,280.24,95,100,4.1,IE,1699076408
380,jawad,24.6,74.85,303.03,26,45,3.0,IN,1699076409
381,ko pha ngan,9.7578,100.0291,301.53,69,71,0.46,TH,1699076409
382,impfondo,1.6381,18.0667,295.53,95,79,1.03,CG,1699076554
383,akobo,7.4344,3.9497,295.74,97,98,1.16,NG,1699076410
384,encarnacion de diaz,21.5167,-102.2333,289.38,57,59,1.09,MX,1699076410
385,mil'kovo,55.6078,37.7956,274.49,83,1,4.85,RU,1699076410
386,manado,1.487,124.8455,302.58,79,40,2.57,ID,1699076411
387,lebu,-37.6167,-73.65,282.3,86,3,6.85,CL,1699076411
388,kabare,-2.4683,28.8242,291.1,91,100,1.08,CD,1699076411
389,aswan,24.0934,32.907,301.29,39,0,2.95,EG,1699076412
390,saint george's,12.0564,-61.7485,297.97,94,75,4.12,GD,1699076412
391,pasighat,28.0667,95.3333,299.97,48,5,2.12,IN,1699076412
392,san antonio de pale,-1.4014,5.6325,299.09,86,99,4.78,GQ,1699076412
393,glace bay,46.1969,-59.957,280.36,94,20,3.09,CA,1699076556
394,cockburn town,21.4612,-71.1419,301.36,75,26,10.35,TC,1699076556
395,cruzeiro do oeste,-23.785,-53.0733,285.25,88,8,4.23,BR,1699076413
396,igarka,67.4667,86.5833,265.94,93,100,11.59,RU,1699076557
397,pemangkat,1.1667,108.9667,302.3,68,66,3.43,ID,1699076414
398,gladewater,32.5365,-94.9427,285.76,68,0,2.57,US,1699076414
399,kimbe,-5.5502,150.1429,299.7,88,81,1.03,PG,1699076558
400,al burayqah,30.4062,19.5739,296.24,44,1,6.91,LY,1699076415
401,turpan,42.9333,89.1667,286.82,23,0,1.89,CN,1699076415
402,swift current,50.2834,-107.8014,271.6,93,0,4.12,CA,1699076249
403,hatillo,18.4863,-66.8254,299.86,91,5,1.34,PR,1699076416
404,lagos,6.5833,3.75,299.33,92,95,0.89,NG,1699076377
405,puerto deseado,-47.7503,-65.8938,282.48,70,86,10.89,AR,1699076416
406,aksu,41.1231,80.2644,289.5,17,7,1.29,CN,1699076416
407,wailua homesteads,22.0669,-159.378,300.39,81,40,4.12,US,1699076417
408,patrocinio,-18.9439,-46.9925,293.27,90,100,0.75,BR,1699076417
409,loralai,30.3705,68.598,293.51,19,84,1.68,PK,1699076417
410,yuzhno-kurilsk,44.0306,145.8556,281.69,81,100,7.74,RU,1699076418
411,sao gabriel da cachoeira,-0.1303,-67.0892,297.51,89,98,1.04,BR,1699076560
412,happy valley-goose bay,53.3168,-60.3315,276.32,70,100,5.14,CA,1699076419
413,hobyo,5.3505,48.5268,302.25,71,69,3.26,SO,1699076419
414,melekeok village,7.4957,134.6367,303.46,74,75,3.6,PW,1699076419
415,bontang,0.1333,117.5,302.39,68,72,2.61,ID,1699076420
416,fristad,65.2,16.7167,267.71,93,100,6.62,SE,1699076421
417,baotou,40.6522,109.8222,285.17,26,100,4.97,CN,1699076421
418,delmar,42.622,-73.8326,283.27,57,100,5.14,US,1699076421
419,fonte boa,-2.4959,-66.2662,295.79,99,100,0.92,BR,1699076422
420,port lincoln,-34.7333,135.8667,289.61,56,28,6.37,AU,1699076368
421,brisas de zicatela,15.8369,-97.0419,298.91,70,94,2.39,MX,1699076422
422,grand gaube,-20.0064,57.6608,301.14,60,100,2.24,MU,1699076422
423,asaita,11.5636,41.4394,302.47,49,29,4.98,ET,1699076423
424,sterling,39.0062,-77.4286,281.54,74,0,1.54,US,1699076423
425,alberton,46.8168,-64.0654,281.1,80,65,10.94,CA,1699076423
426,aasiaat,68.7098,-52.8699,267.05,92,100,3.59,GL,1699076424
427,miranda do douro,41.4969,-6.2731,285.27,96,100,13.75,PT,1699076424
428,soio,-6.1349,12.3689,298.64,88,100,2.56,AO,1699076424
429,saldanha,-33.0117,17.9442,288.18,83,52,4.66,ZA,1699076425
430,tanda,26.55,82.65,302.36,38,5,2.04,IN,1699076425
431,gurupi,-11.7292,-49.0686,297.79,75,61,1.97,BR,1699076426
432,lamu,-2.2717,40.902,296.86,92,100,1.84,KE,1699076426
433,lake city,30.1897,-82.6393,289.03,67,75,2.57,US,1699076426
434,tidjikja,18.5564,-11.4271,297.09,29,0,5.56,MR,1699076427
435,tommot,58.9564,126.2925,258.63,89,100,3.74,RU,1699076427
436,binghamton,42.0987,-75.918,282.43,54,100,1.34,US,1699076427
437,gadzhiyevo,69.2551,33.3362,263.53,94,45,2.94,RU,1699076428
438,maragogi,-9.0122,-35.2225,297.44,86,11,2.02,BR,1699076565
439,namibe,-15.1961,12.1522,293.63,74,23,1.77,AO,1699076428
440,n'zeto,-7.2312,12.8666,297.92,89,100,1.89,AO,1699076428
441,rabaul,-4.1967,152.1721,301.07,78,65,1.17,PG,1699076429
442,zag,46.9441,99.165,263.79,61,94,6.39,MN,1699076429
443,talant,47.3369,5.0089,280.34,93,100,3.09,FR,1699076430
444,dunedin,-45.8742,170.5036,284.71,81,100,0.89,NZ,1699076184
445,caringin,-6.7061,106.8214,305.46,57,69,0.69,ID,1699076430
446,alto araguaia,-17.3147,-53.2153,295.43,80,56,3.88,BR,1699076431
447,aral,40.5156,81.2636,290.5,15,6,4.0,CN,1699076566
448,aylesbury,51.8167,-0.8146,279.77,97,96,5.07,GB,1699076431
449,papao,-17.75,-149.55,296.97,84,54,8.11,PF,1699076432
450,cannonvale,-20.2833,148.7,298.81,66,25,3.95,AU,1699076432
451,gornopravdinsk,60.05,69.9,269.94,85,88,6.07,RU,1699076567
452,velikiy ustyug,60.7644,46.3106,269.95,88,100,2.56,RU,1699076567
453,turkmenabat,39.0733,63.5786,288.14,44,0,2.06,TM,1699076568
454,puerto armuelles,8.2833,-82.8667,297.09,96,100,2.24,PA,1699076568
455,kaitong,44.8135,123.15,276.85,27,95,2.79,CN,1699076568
456,tofol,5.3248,163.0078,300.92,76,100,1.5,FM,1699076568
457,conduaga,8.862,117.4893,302.44,74,62,1.79,PH,1699076568
458,cananeia,-25.0147,-47.9267,292.33,93,47,2.09,BR,1699076569
459,skikda,36.8762,6.9092,290.14,71,89,7.23,DZ,1699076569
460,messini,37.0511,22.0078,299.92,65,75,4.63,GR,1699076569
461,siwa oasis,29.2041,25.5195,297.57,27,0,0.92,EG,1699076569
462,ixtapa,20.7,-105.2,300.72,89,75,1.03,MX,1699076570
463,el calafate,-50.3408,-72.2768,279.88,70,99,2.01,AR,1699076570
464,tomatlan,19.9333,-105.25,297.26,92,44,1.28,MX,1699076570
465,tura,25.5198,90.2201,300.37,49,0,1.94,IN,1699076570
466,salekhard,66.53,66.6019,269.12,82,100,6.78,RU,1699076570
467,itoman,26.1247,127.6694,302.36,62,20,5.14,JP,1699076571
468,katsuura,35.1333,140.3,296.05,66,36,5.83,JP,1699076571
469,tazacorte,28.629,-17.9293,294.69,83,75,4.12,ES,1699076571
470,vojens,55.2464,9.306,282.14,87,100,5.14,DK,1699076571
471,fortuna,40.5982,-124.1573,290.89,97,20,4.12,US,1699076571
472,saraktash,51.7866,51.7866,277.16,80,13,5.37,RU,1699076572
473,mungwi,-10.1732,31.3694,295.41,65,93,3.77,ZM,1699076572
474,greenville,35.6127,-77.3663,281.16,96,0,0.45,US,1699076572
475,ulsteinvik,62.3432,5.8487,285.65,61,92,4.39,NO,1699076572
476,abadeh,31.1608,52.6506,287.42,51,22,0.98,IR,1699076573
477,bambanglipuro,-7.95,110.2833,301.48,72,72,7.27,ID,1699076573
478,ceeldheer,3.8488,47.1806,301.9,69,75,2.5,SO,1699076573
479,gaigeturi,33.4644,126.3183,296.18,83,75,4.12,KR,1699076573
480,shingu,33.7333,135.9833,294.9,69,57,1.1,JP,1699076426
481,callao,-12.0667,-77.15,292.31,77,0,3.09,PE,1699076574
482,nayudupet,13.9,79.9,301.64,59,96,3.66,IN,1699076470
483,zeithain,51.3336,13.3381,281.06,82,100,4.47,DE,1699076574
484,kirov,58.5966,49.6601,270.7,85,67,4.02,RU,1699076574
485,santa cruz,-17.8,-63.1667,296.85,46,75,7.2,BO,1699076387
486,khanty-mansiysk,61.0042,69.0019,270.21,63,75,5.0,RU,1699076574
487,pierre,44.3683,-100.351,272.66,93,0,1.54,US,1699076293
488,lodja,-3.4833,23.4333,295.74,90,90,0.35,CD,1699076575
489,miri,4.4148,114.0089,304.23,74,40,2.57,MY,1699076575
490,kapa'a,22.0752,-159.319,301.14,81,40,4.12,US,1699076393
491,lerwick,60.1545,-1.1494,280.15,86,100,5.38,GB,1699076576
492,akureyri,65.6835,-18.0878,277.11,81,100,5.14,IS,1699076576
493,sitka,57.0531,-135.33,282.09,87,100,2.06,US,1699076576
494,nili,33.7218,66.1302,286.81,26,65,1.53,AF,1699076576
495,remire-montjoly,4.9167,-52.2667,298.17,100,20,1.54,GF,1699076577
496,vernon,50.2581,-119.2691,282.38,90,96,2.06,CA,1699076577
497,dubbo,-32.25,148.6167,302.22,32,75,5.66,AU,1699076577
498,prince rupert,54.3161,-130.3201,285.98,82,100,4.63,CA,1699076289
499,villa gesell,-37.2639,-56.973,282.7,80,48,6.08,AR,1699076577
500,kayangel,8.0823,134.7173,302.31,73,60,3.79,PW,1699076578
501,baki,-7.6128,110.7839,308.74,39,94,2.78,ID,1699076578
502,mana,5.6592,-53.7767,298.93,91,92,4.3,GF,1699076578
503,turkmenbasy,40.0222,52.9552,290.58,63,75,3.09,TM,1699076578
504,sinjai,-5.1241,120.253,304.83,50,24,4.76,ID,1699076578
505,fort st. john,56.2499,-120.8529,274.09,80,100,3.6,CA,1699076284
506,laojunmiao,39.8333,97.7333,275.23,58,100,2.4,CN,1699076579
507,ciudad acuna,29.3232,-100.9522,290.31,74,0,3.09,MX,1699076579
508,mwene-ditu,-7.0,23.45,294.49,91,91,1.03,CD,1699076579
509,dryden,49.7833,-92.7503,265.31,86,0,3.6,CA,1699076580
510,vikulovo,56.8167,70.6107,274.56,85,100,6.98,RU,1699076580
511,general villegas,-35.0328,-63.0125,283.29,70,0,2.46,AR,1699076580
512,eyl,7.9803,49.8164,302.06,69,28,5.87,SO,1699076580
513,morinville,53.8001,-113.652,278.03,82,100,2.57,CA,1699076580
514,lata,40.1629,-8.3327,290.41,92,100,7.37,PT,1699076581
515,al hazm,16.1641,44.7769,297.06,34,49,2.24,YE,1699076581
516,zhangye,38.9342,100.4517,286.73,25,72,2.4,CN,1699076581
517,guane,22.2025,-84.0875,298.48,80,100,4.55,CU,1699076582
518,al jawf,29.5,38.75,297.0,43,4,1.76,SA,1699076582
519,la punta,-33.1837,-66.3127,285.81,42,0,3.18,AR,1699076583
520,greenland,43.0362,-70.8328,282.65,76,75,5.14,US,1699076583
521,jianguang,28.1938,115.7836,302.81,44,17,0.66,CN,1699076583
522,freeport,40.6576,-73.5832,284.81,76,0,4.12,US,1699076583
523,alta,69.9689,23.2717,264.74,79,50,3.6,NO,1699076584
524,hami,42.8,93.45,280.6,12,16,9.89,CN,1699076584
525,mata-utu,-13.2816,-176.1745,301.32,80,100,9.13,WF,1699076584
526,suntar,62.1444,117.6319,259.99,88,100,2.37,RU,1699076584
527,hilo,19.7297,-155.09,296.45,87,7,0.89,US,1699076585
528,pontianak,-0.0333,109.3333,304.14,66,75,2.57,ID,1699076585
529,badr hunayn,23.7829,38.7905,303.46,54,2,0.73,SA,1699076585
530,samalut,28.3121,30.7101,297.67,36,0,4.14,EG,1699076586
531,ramganj mandi,24.65,75.9333,303.17,25,28,2.43,IN,1699076586
532,flin flon,54.7682,-101.865,263.58,84,61,1.3,CA,1699076586
533,ryotsu-minato,38.0833,138.4333,291.02,81,100,1.13,JP,1699076587
534,taroudant,30.4703,-8.877,289.38,83,0,0.99,MA,1699076587
535,klaksvik,62.2266,-6.589,279.66,91,100,12.28,FO,1699076587
536,ispir,40.4829,40.9956,285.68,67,3,1.93,TR,1699076588
537,ghoti budrukh,19.7167,73.6333,302.56,31,34,4.52,IN,1699076588
538,guixi,28.2886,117.2133,301.85,49,33,1.27,CN,1699076588
539,misawa,40.6836,141.3597,286.26,74,84,3.48,JP,1699076589
540,broome,42.2506,-75.833,282.58,58,100,2.68,US,1699076589
541,sarakhs,36.5449,61.1577,295.74,16,97,1.69,IR,1699076589
542,ebon,4.582,168.6964,301.62,71,4,3.12,MH,1699076590
543,nahiyat ash shinafiyah,31.5874,44.6602,300.01,41,41,1.45,IQ,1699076590
544,tselinnoye,53.0833,85.6667,265.64,76,100,4.19,RU,1699076591
545,saint-philippe,-21.3585,55.7679,297.1,84,95,1.56,RE,1699076591
546,zliten,32.4674,14.5687,296.17,57,80,4.33,LY,1699076591
547,pacific grove,36.6177,-121.9166,289.5,66,0,1.34,US,1699076592
548,luganville,-15.5333,167.1667,299.45,87,96,4.75,VU,1699076592
549,chirkey,42.9613,46.9787,287.8,83,100,1.95,RU,1699076592
550,roma,43.2128,-75.4557,285.03,41,100,1.54,US,1699076592
551,joal-fadiout,14.1667,-16.8333,300.25,70,6,4.3,SN,1699076593
552,kattivakkam,13.2167,80.3167,301.2,93,100,3.51,IN,1699076593
553,north bay,46.3168,-79.4663,276.54,92,100,1.54,CA,1699076502
554,bathsheba,13.2167,-59.5167,298.49,94,40,5.66,BB,1699076593
555,mimoso do sul,-21.0642,-41.3664,297.53,85,100,1.96,BR,1699076594
556,gobernador virasora,-28.05,-56.0333,286.77,90,89,0.89,AR,1699076594
557,aleksandrovsk-sakhalinskiy,50.8975,142.1561,269.02,52,98,7.05,RU,1699076594
558,behbahan,30.5959,50.2417,298.5,41,19,2.24,IR,1699076594
559,cruz del eje,-30.7264,-64.8039,284.87,46,0,2.58,AR,1699076595
560,la ronge,55.1001,-105.2842,269.29,80,100,0.51,CA,1699076595
561,vorkuta,67.5,64.0,266.18,88,100,6.89,RU,1699076595
562,twon-brass,4.3151,6.2418,299.86,80,100,3.75,NG,1699076595
563,jalal-abad,40.9333,73.0,290.95,12,12,1.05,KG,1699076596
564,inarajan village,13.2736,144.7484,302.26,91,100,7.52,GU,1699076596
565,geraldton,-28.7667,114.6,298.38,61,5,9.77,AU,1699076596
566,smithers,54.7804,-127.1743,275.33,100,100,0.0,CA,1699076597
567,yangambi,0.8102,24.4336,295.12,91,100,0.61,CD,1699076597
568,fukuecho,32.6881,128.8419,298.35,69,75,4.63,JP,1699076597
569,namdrik,5.5994,168.1028,301.2,76,23,4.08,MH,1699076597
570,kourou,5.1552,-52.6478,298.18,92,58,3.26,GF,1699076494
571,kokoda,-8.8785,147.7407,299.35,94,100,1.66,PG,1699076598
572,al mayadin,35.0209,40.4535,294.35,55,0,0.97,SY,1699076598
573,fisterra,42.9049,-9.2629,288.16,79,97,13.77,ES,1699076599
574,amos,48.5669,-78.1162,269.26,96,59,2.04,CA,1699076470
575,tsiombe,-25.3,45.4833,297.43,51,16,7.59,MG,1699076599
576,alta sierra,35.7291,-118.5495,281.9,27,6,1.92,US,1699076599
